{
  "biome": "nex:fungi_forest",
  "weight": 4,
  "enabled": true,
  "genDefaultFeatures": true,
  "blocks": {
    "topBlock": {
      "block": "nex:hyphae"
    },
    "fillerBlock": {
      "block": "nex:netherrack",
      "properties": {
        "type": "lively"
      }
    },
    "wallBlock": {
      "block": "nex:netherrack",
      "properties": {
        "type": "lively"
      }
    },
    "ceilingBottomBlock": {
      "block": "nex:netherrack",
      "properties": {
        "type": "lively"
      }
    },
    "ceilingFillerBlock": {
      "block": "nex:netherrack",
      "properties": {
        "type": "lively"
      }
    },
    "oceanBlock": {
      "block": "minecraft:lava"
    }
  },
  "entities": [
    {
      "entity": "nex:mogus",
      "creatureType": "monster",
      "weight": 100,
      "minGroupCount": 4,
      "maxGroupCount": 6,
      "spawn": true
    },
    {
      "entity": "nex:spore",
      "creatureType": "monster",
      "weight": 25,
      "minGroupCount": 1,
      "maxGroupCount": 4,
      "spawn": true
    },
    {
      "entity": "nex:spore_creeper",
      "creatureType": "monster",
      "weight": 50,
      "minGroupCount": 1,
      "maxGroupCount": 4,
      "spawn": true
    },
    {
      "entity": "thaumcraft:firebat",
      "creatureType": "monster",
      "weight": 10,
      "minGroupCount": 1,
      "maxGroupCount": 2,
      "spawn": true
    },
    {
      "entity": "thaumcraft:wisp",
      "creatureType": "monster",
      "weight": 5,
      "minGroupCount": 1,
      "maxGroupCount": 1,
      "spawn": true
    },
    {
      "entity": "enderiozoo:epicsquid",
      "creatureType": "water_creature",
      "weight": 1,
      "minGroupCount": 1,
      "maxGroupCount": 1,
      "spawn": true
    }
  ],
  "features": [
    {
      "feature": "lex:cluster",
      "genStage": "populate",
      "blockToSpawn": {
        "block": "minecraft:glowstone"
      },
      "netherrack": {
        "block": "nex:block_netherrack",
        "properties": {
          "type": "lively"
        }
      },
      "direction": "down",
      "genAttempts": 10,
      "genProbability": 1.0,
      "minGenHeight": 4,
      "maxGenHeight": 124,
      "randomizeGenAttempts": true,
      "generate": true,
      "blockToAttachTo": {
        "block": "minecraft:barrier",
        "properties": {}
      }
    },
    {
      "feature": "lex:cluster",
      "genStage": "populate",
      "blockToSpawn": {
        "block": "minecraft:glowstone"
      },
      "netherrack": {
        "block": "nex:block_netherrack",
        "properties": {
          "type": "lively"
        }
      },
      "direction": "down",
      "genAttempts": 10,
      "genProbability": 1.0,
      "minGenHeight": 1,
      "maxGenHeight": 128,
      "randomizeGenAttempts": false,
      "generate": true,
      "blockToAttachTo": {
        "block": "minecraft:barrier",
        "properties": {}
      }
    },
    {
      "feature": "lex:ore",
      "genStage": "ore",
      "blockToSpawn": {
        "block": "nex:quartz_ore",
        "properties": {
          "type": "lively"
        }
      },
      "blockToReplace": {
        "block": "nex:netherrack",
        "properties": {
          "type": "lively"
        }
      },
      "veinSize": 14,
      "genAttempts": 16,
      "genProbability": 1.0,
      "minGenHeight": 10,
      "maxGenHeight": 108,
      "randomizeGenAttempts": false,
      "generate": true
    },
    {
      "feature": "lex:big_mushroom",
      "genStage": "decorate",
      "mushroomCap": {
        "block": "nex:elder_mushroom_cap",
        "properties": {
          "type": "brown"
        }
      },
      "mushroomStem": {
        "block": "nex:elder_mushroom_stem"
      },
      "blockToPlaceOn": {
        "block": "nex:hyphae"
      },
      "shape": "flat",
      "genAttempts": 256,
      "genProbability": 1.0,
      "minGenHeight": 32,
      "maxGenHeight": 108,
      "randomizeGenAttempts": true,
      "generate": true
    },
    {
      "feature": "lex:big_mushroom",
      "genStage": "decorate",
      "mushroomCap": {
        "block": "nex:elder_mushroom_cap",
        "properties": {
          "type": "red"
        }
      },
      "mushroomStem": {
        "block": "nex:elder_mushroom_stem"
      },
      "blockToPlaceOn": {
        "block": "nex:hyphae"
      },
      "shape": "bulb",
      "genAttempts": 256,
      "genProbability": 1.0,
      "minGenHeight": 32,
      "maxGenHeight": 108,
      "randomizeGenAttempts": false,
      "generate": true
    },
    {
      "feature": "nex:enoki",
      "genStage": "decorate",
      "genAttempts": 16,
      "genProbability": 1.0,
      "minGenHeight": 64,
      "maxGenHeight": 108,
      "randomizeGenAttempts": false,
      "generate": true
    },
    {
      "feature": "lex:structure",
      "genStage": "populate",
      "structure": "nex:ghast_queen_shrine",
      "type": "floating",
      "genAttempts": 1,
      "genProbability": 0.0125,
      "randomizeGenAttempts": false,
      "minGenHeight": 32,
      "maxGenHeight": 116,
      "mirror": "random",
      "rotation": "random",
      "ignoredBlock": {
        "block": "minecraft:structure_void",
        "properties": {}
      },
      "clearancePercentage": 1.0,
      "generate": true
    }
  ]
}